timeframe,timeframe_id,display_name,ty_start_date,ty_end_date,ly_start_date,ly_end_date,lly_start_date,lly_end_date,,,,,,
FY,FY,FY,1/1/2024,12/31/2024,1/1/2023,12/31/2023,1/1/2022,12/31/2022,,,,,,
MTD,MTD,MTD,3/1/2024,3/20/2024,3/1/2023,3/20/2023,3/1/2022,3/20/2022,,,,,ty_start_date,Today Start Date
MoM,1,Jan,1/1/2024,1/31/2024,1/1/2023,1/31/2023,1/1/2022,1/31/2022,,,,,ly_start_date,Last Year Start Date
MoM,2,Feb,2/1/2024,2/29/2024,2/1/2023,2/28/2023,2/1/2022,2/28/2022,,,,,lly_start_date,Last to Last Year Start Date
MoM,3,Mar,3/1/2024,3/31/2024,3/1/2023,3/31/2023,3/1/2022,3/31/2022,,,,,,
MoM,4,Apr,4/1/2024,4/30/2024,4/1/2023,4/30/2023,4/1/2022,4/30/2022,,,,,,
MoM,5,May,5/1/2024,5/31/2024,5/1/2023,5/31/2023,5/1/2022,5/31/2022,,,,,,
MoM,6,Jun,6/1/2024,6/30/2024,6/1/2023,6/30/2023,6/1/2022,6/30/2022,,,,,,
MoM,7,Jul,7/1/2024,7/31/2024,7/1/2023,7/31/2023,7/1/2022,7/31/2022,,,,,,
MoM,8,Aug,8/1/2024,8/31/2024,8/1/2023,8/31/2023,8/1/2022,8/31/2022,,,,,,
MoM,9,Sep,9/1/2024,9/30/2024,9/1/2023,9/30/2023,9/1/2022,9/30/2022,,,,,,
MoM,10,Oct,10/1/2024,10/31/2024,10/1/2023,10/31/2023,10/1/2022,10/31/2022,,,,,,
MoM,11,Nov,11/1/2024,11/30/2024,11/1/2023,11/30/2023,11/1/2022,11/30/2022,,,,,,
MoM,12,Dec,12/1/2024,12/31/2024,12/1/2023,12/31/2023,12/1/2022,12/31/2022,,,,,,
QTD,QTD,QTD,1/1/2024,3/20/2024,1/1/2023,3/20/2023,1/1/2022,3/20/2022,,,,,,
QoQ,1,Q1,1/1/2024,3/31/2024,1/1/2023,3/31/2023,1/1/2022,3/31/2022,,,,,,
QoQ,2,Q2,4/1/2024,6/30/2024,4/1/2023,6/30/2023,4/1/2022,6/30/2022,,,,,,
QoQ,3,Q3,7/1/2024,9/30/2024,7/1/2023,9/30/2023,7/1/2022,9/30/2022,,,,,,
QoQ,4,Q4,10/1/2024,12/31/2024,10/1/2023,12/31/2023,10/1/2022,12/31/2022,,,,,,
WoW,1,Week 1,1/1/2024,12/31/2024,1/1/2023,12/31/2023,1/1/2022,1/1/2022,,,,,,
WoW,2,Week 2,1/7/2024,1/13/2024,1/8/2023,1/14/2023,1/2/2022,1/8/2022,,,,,,
WoW,3,Week 3,1/14/2024,1/20/2024,1/15/2023,1/21/2023,1/9/2022,1/15/2022,,,,,,
WoW,4,Week 4,1/21/2024,1/27/2024,1/22/2023,1/28/2023,1/16/2022,1/22/2022,,,,,,
WoW,5,Week 5,1/28/2024,2/3/2024,1/29/2023,2/4/2023,1/23/2022,1/29/2022,,,,,,
WoW,6,Week 6,2/4/2024,2/10/2024,2/5/2023,2/11/2023,1/30/2022,2/5/2022,,,,,,
WoW,7,Week 7,2/11/2024,2/17/2024,2/12/2023,2/18/2023,2/6/2022,2/12/2022,,,,,,
WoW,8,Week 8,2/18/2024,2/24/2024,2/19/2023,2/25/2023,2/13/2022,2/19/2022,,,,,,
WoW,9,Week 9,2/25/2024,3/2/2024,2/26/2023,3/4/2023,2/20/2022,2/26/2022,,,,,,
WoW,10,Week 10,3/3/2024,3/9/2024,3/5/2023,3/11/2023,2/27/2022,3/5/2022,,,,,,
WoW,11,Week 11,3/10/2024,3/16/2024,3/12/2023,3/18/2023,3/6/2022,3/12/2022,,,,,,
WoW,12,Week 12,3/17/2024,3/23/2024,3/19/2023,3/25/2023,3/13/2022,3/19/2022,,,,,,
WoW,13,Week 13,3/24/2024,3/30/2024,3/26/2023,4/1/2023,3/20/2022,3/26/2022,,,,,,
WoW,14,Week 14,3/31/2024,4/6/2024,4/2/2023,4/8/2023,3/27/2022,4/2/2022,,,,,,
WoW,15,Week 15,4/7/2024,4/13/2024,4/9/2023,4/15/2023,4/3/2022,4/9/2022,,,,,,
WoW,16,Week 16,4/14/2024,4/20/2024,4/16/2023,4/22/2023,4/10/2022,4/16/2022,,,,,,
WoW,17,Week 17,4/21/2024,4/27/2024,4/23/2023,4/29/2023,4/17/2022,4/23/2022,,,,,,
WoW,18,Week 18,4/28/2024,5/4/2024,4/30/2023,5/6/2023,4/24/2022,4/30/2022,,,,,,
WoW,19,Week 19,5/5/2024,5/11/2024,5/7/2023,5/13/2023,5/1/2022,5/7/2022,,,,,,
WoW,20,Week 20,5/12/2024,5/18/2024,5/14/2023,5/20/2023,5/8/2022,5/14/2022,,,,,,
WoW,21,Week 21,5/19/2024,5/25/2024,5/21/2023,5/27/2023,5/15/2022,5/21/2022,,,,,,
WoW,22,Week 22,5/26/2024,6/1/2024,5/28/2023,6/3/2023,5/22/2022,5/28/2022,,,,,,
WoW,23,Week 23,6/2/2024,6/8/2024,6/4/2023,6/10/2023,5/29/2022,6/4/2022,,,,,,
WoW,24,Week 24,6/9/2024,6/15/2024,6/11/2023,6/17/2023,6/5/2022,6/11/2022,,,,,,
WoW,25,Week 25,6/16/2024,6/22/2024,6/18/2023,6/24/2023,6/12/2022,6/18/2022,,,,,,
WoW,26,Week 26,6/23/2024,6/29/2024,6/25/2023,7/1/2023,6/19/2022,6/25/2022,,,,,,
WoW,27,Week 27,6/30/2024,7/6/2024,7/2/2023,7/8/2023,6/26/2022,7/2/2022,,,,,,
WoW,28,Week 28,7/7/2024,7/13/2024,7/9/2023,7/15/2023,7/3/2022,7/9/2022,,,,,,
WoW,29,Week 29,7/14/2024,7/20/2024,7/16/2023,7/22/2023,7/10/2022,7/16/2022,,,,,,
WoW,30,Week 30,7/21/2024,7/27/2024,7/23/2023,7/29/2023,7/17/2022,7/23/2022,,,,,,
WoW,31,Week 31,7/28/2024,8/3/2024,7/30/2023,8/5/2023,7/24/2022,7/30/2022,,,,,,
WoW,32,Week 32,8/4/2024,8/10/2024,8/6/2023,8/12/2023,7/31/2022,8/6/2022,,,,,,
WoW,33,Week 33,8/11/2024,8/17/2024,8/13/2023,8/19/2023,8/7/2022,8/13/2022,,,,,,
WoW,34,Week 34,8/18/2024,8/24/2024,8/20/2023,8/26/2023,8/14/2022,8/20/2022,,,,,,
WoW,35,Week 35,8/25/2024,8/31/2024,8/27/2023,9/2/2023,8/21/2022,8/27/2022,,,,,,
WoW,36,Week 36,9/1/2024,9/7/2024,9/3/2023,9/9/2023,8/28/2022,9/3/2022,,,,,,
WoW,37,Week 37,9/8/2024,9/14/2024,9/10/2023,9/16/2023,9/4/2022,9/10/2022,,,,,,
WoW,38,Week 38,9/15/2024,9/21/2024,9/17/2023,9/23/2023,9/11/2022,9/17/2022,,,,,,
WoW,39,Week 39,9/22/2024,9/28/2024,9/24/2023,9/30/2023,9/18/2022,9/24/2022,,,,,,
WoW,40,Week 40,9/29/2024,10/5/2024,10/1/2023,10/7/2023,9/25/2022,10/1/2022,,,,,,
WoW,41,Week 41,10/6/2024,10/12/2024,10/8/2023,10/14/2023,10/2/2022,10/8/2022,,,,,,
WoW,42,Week 42,10/13/2024,10/19/2024,10/15/2023,10/21/2023,10/9/2022,10/15/2022,,,,,,
WoW,43,Week 43,10/20/2024,10/26/2024,10/22/2023,10/28/2023,10/16/2022,10/22/2022,,,,,,
WoW,44,Week 44,10/27/2024,11/2/2024,10/29/2023,11/4/2023,10/23/2022,10/29/2022,,,,,,
WoW,45,Week 45,11/3/2024,11/9/2024,11/5/2023,11/11/2023,10/30/2022,11/5/2022,,,,,,
WoW,46,Week 46,11/10/2024,11/16/2024,11/12/2023,11/18/2023,11/6/2022,11/12/2022,,,,,,
WoW,47,Week 47,11/17/2024,11/23/2024,11/19/2023,11/25/2023,11/13/2022,11/19/2022,,,,,,
WoW,48,Week 48,11/24/2024,11/30/2024,11/26/2023,12/2/2023,11/20/2022,11/26/2022,,,,,,
WoW,49,Week 49,12/1/2024,12/7/2024,12/3/2023,12/9/2023,11/27/2022,12/3/2022,,,,,,
WoW,50,Week 50,12/8/2024,12/14/2024,12/10/2023,12/16/2023,12/4/2022,12/10/2022,,,,,,
WoW,51,Week 51,12/15/2024,12/21/2024,12/17/2023,12/23/2023,12/11/2022,12/17/2022,,,,,,
WoW,52,Week 52,12/22/2024,12/28/2024,12/24/2023,12/30/2023,12/18/2022,12/24/2022,,,,,,
WoW,53,Week 53,,,,,12/25/2022,12/31/2022,,,,,,
YTD,YTD,YTD,1/1/2024,12/20/2024,1/1/2023,12/20/2023,1/1/2022,12/20/2022,,,,,,
DoD,1,W1 Sat,1/6/2024,1/6/2024,1/7/2023,1/7/2023,1/1/2022,1/1/2022,,,,,,
DoD,1,W1 Wed,1/3/2024,1/3/2024,1/4/2023,1/4/2023,,,,,,,,
DoD,1,W1 Tue,1/2/2024,12/31/2024,1/3/2023,1/3/2023,,,,,,,,
DoD,1,W1 Fri,1/5/2024,1/5/2024,1/6/2023,1/6/2023,,,,,,,,
DoD,1,W1 Mon,1/1/2024,12/30/2024,1/2/2023,1/2/2023,,,,,,,,
DoD,1,W1 Sun,12/29/2024,12/29/2024,1/1/2023,12/31/2023,,,,,,,,
DoD,1,W1 Thu,1/4/2024,1/4/2024,1/5/2023,1/5/2023,,,,,,,,
DoD,2,W2 Sun,1/7/2024,1/7/2024,1/8/2023,1/8/2023,1/2/2022,1/2/2022,,,,,,
DoD,2,W2 Mon,1/8/2024,1/8/2024,1/9/2023,1/9/2023,1/3/2022,1/3/2022,,,,,,
DoD,2,W2 Wed,1/10/2024,1/10/2024,1/11/2023,1/11/2023,1/5/2022,1/5/2022,,,,,,
DoD,2,W2 Fri,1/12/2024,1/12/2024,1/13/2023,1/13/2023,1/7/2022,1/7/2022,,,,,,
DoD,2,W2 Thu,1/11/2024,1/11/2024,1/12/2023,1/12/2023,1/6/2022,1/6/2022,,,,,,
DoD,2,W2 Sat,1/13/2024,1/13/2024,1/14/2023,1/14/2023,1/8/2022,1/8/2022,,,,,,
DoD,2,W2 Tue,1/9/2024,1/9/2024,1/10/2023,1/10/2023,1/4/2022,1/4/2022,,,,,,
DoD,3,W3 Sat,1/20/2024,1/20/2024,1/21/2023,1/21/2023,1/15/2022,1/15/2022,,,,,,
DoD,3,W3 Tue,1/16/2024,1/16/2024,1/17/2023,1/17/2023,1/11/2022,1/11/2022,,,,,,
DoD,3,W3 Wed,1/17/2024,1/17/2024,1/18/2023,1/18/2023,1/12/2022,1/12/2022,,,,,,
DoD,3,W3 Sun,1/14/2024,1/14/2024,1/15/2023,1/15/2023,1/9/2022,1/9/2022,,,,,,
DoD,3,W3 Thu,1/18/2024,1/18/2024,1/19/2023,1/19/2023,1/13/2022,1/13/2022,,,,,,
DoD,3,W3 Fri,1/19/2024,1/19/2024,1/20/2023,1/20/2023,1/14/2022,1/14/2022,,,,,,
DoD,3,W3 Mon,1/15/2024,1/15/2024,1/16/2023,1/16/2023,1/10/2022,1/10/2022,,,,,,
DoD,4,W4 Fri,1/26/2024,1/26/2024,1/27/2023,1/27/2023,1/21/2022,1/21/2022,,,,,,
DoD,4,W4 Sat,1/27/2024,1/27/2024,1/28/2023,1/28/2023,1/22/2022,1/22/2022,,,,,,
DoD,4,W4 Thu,1/25/2024,1/25/2024,1/26/2023,1/26/2023,1/20/2022,1/20/2022,,,,,,
DoD,4,W4 Mon,1/22/2024,1/22/2024,1/23/2023,1/23/2023,1/17/2022,1/17/2022,,,,,,
DoD,4,W4 Wed,1/24/2024,1/24/2024,1/25/2023,1/25/2023,1/19/2022,1/19/2022,,,,,,
DoD,4,W4 Tue,1/23/2024,1/23/2024,1/24/2023,1/24/2023,1/18/2022,1/18/2022,,,,,,
DoD,4,W4 Sun,1/21/2024,1/21/2024,1/22/2023,1/22/2023,1/16/2022,1/16/2022,,,,,,
DoD,5,W5 Thu,2/1/2024,2/1/2024,2/2/2023,2/2/2023,1/27/2022,1/27/2022,,,,,,
DoD,5,W5 Fri,2/2/2024,2/2/2024,2/3/2023,2/3/2023,1/28/2022,1/28/2022,,,,,,
DoD,5,W5 Sat,2/3/2024,2/3/2024,2/4/2023,2/4/2023,1/29/2022,1/29/2022,,,,,,
DoD,5,W5 Mon,1/29/2024,1/29/2024,1/30/2023,1/30/2023,1/24/2022,1/24/2022,,,,,,
DoD,5,W5 Sun,1/28/2024,1/28/2024,1/29/2023,1/29/2023,1/23/2022,1/23/2022,,,,,,
DoD,5,W5 Wed,1/31/2024,1/31/2024,2/1/2023,2/1/2023,1/26/2022,1/26/2022,,,,,,
DoD,5,W5 Tue,1/30/2024,1/30/2024,1/31/2023,1/31/2023,1/25/2022,1/25/2022,,,,,,
DoD,6,W6 Mon,2/5/2024,2/5/2024,2/6/2023,2/6/2023,1/31/2022,1/31/2022,,,,,,
DoD,6,W6 Wed,2/7/2024,2/7/2024,2/8/2023,2/8/2023,2/2/2022,2/2/2022,,,,,,
DoD,6,W6 Fri,2/9/2024,2/9/2024,2/10/2023,2/10/2023,2/4/2022,2/4/2022,,,,,,
DoD,6,W6 Sat,2/10/2024,2/10/2024,2/11/2023,2/11/2023,2/5/2022,2/5/2022,,,,,,
DoD,6,W6 Thu,2/8/2024,2/8/2024,2/9/2023,2/9/2023,2/3/2022,2/3/2022,,,,,,
DoD,6,W6 Sun,2/4/2024,2/4/2024,2/5/2023,2/5/2023,1/30/2022,1/30/2022,,,,,,
DoD,6,W6 Tue,2/6/2024,2/6/2024,2/7/2023,2/7/2023,2/1/2022,2/1/2022,,,,,,
DoD,7,W7 Tue,2/13/2024,2/13/2024,2/14/2023,2/14/2023,2/8/2022,2/8/2022,,,,,,
DoD,7,W7 Fri,2/16/2024,2/16/2024,2/17/2023,2/17/2023,2/11/2022,2/11/2022,,,,,,
DoD,7,W7 Sun,2/11/2024,2/11/2024,2/12/2023,2/12/2023,2/6/2022,2/6/2022,,,,,,
DoD,7,W7 Wed,2/14/2024,2/14/2024,2/15/2023,2/15/2023,2/9/2022,2/9/2022,,,,,,
DoD,7,W7 Mon,2/12/2024,2/12/2024,2/13/2023,2/13/2023,2/7/2022,2/7/2022,,,,,,
DoD,7,W7 Sat,2/17/2024,2/17/2024,2/18/2023,2/18/2023,2/12/2022,2/12/2022,,,,,,
DoD,7,W7 Thu,2/15/2024,2/15/2024,2/16/2023,2/16/2023,2/10/2022,2/10/2022,,,,,,
DoD,8,W8 Tue,2/20/2024,2/20/2024,2/21/2023,2/21/2023,2/15/2022,2/15/2022,,,,,,
DoD,8,W8 Fri,2/23/2024,2/23/2024,2/24/2023,2/24/2023,2/18/2022,2/18/2022,,,,,,
DoD,8,W8 Sat,2/24/2024,2/24/2024,2/25/2023,2/25/2023,2/19/2022,2/19/2022,,,,,,
DoD,8,W8 Sun,2/18/2024,2/18/2024,2/19/2023,2/19/2023,2/13/2022,2/13/2022,,,,,,
DoD,8,W8 Wed,2/21/2024,2/21/2024,2/22/2023,2/22/2023,2/16/2022,2/16/2022,,,,,,
DoD,8,W8 Thu,2/22/2024,2/22/2024,2/23/2023,2/23/2023,2/17/2022,2/17/2022,,,,,,
DoD,8,W8 Mon,2/19/2024,2/19/2024,2/20/2023,2/20/2023,2/14/2022,2/14/2022,,,,,,
DoD,9,W9 Thu,2/29/2024,2/29/2024,3/2/2023,3/2/2023,2/24/2022,2/24/2022,,,,,,
DoD,9,W9 Sat,3/2/2024,3/2/2024,3/4/2023,3/4/2023,2/26/2022,2/26/2022,,,,,,
DoD,9,W9 Tue,2/27/2024,2/27/2024,2/28/2023,2/28/2023,2/22/2022,2/22/2022,,,,,,
DoD,9,W9 Fri,3/1/2024,3/1/2024,3/3/2023,3/3/2023,2/25/2022,2/25/2022,,,,,,
DoD,9,W9 Mon,2/26/2024,2/26/2024,2/27/2023,2/27/2023,2/21/2022,2/21/2022,,,,,,
DoD,9,W9 Sun,2/25/2024,2/25/2024,2/26/2023,2/26/2023,2/20/2022,2/20/2022,,,,,,
DoD,9,W9 Wed,2/28/2024,2/28/2024,3/1/2023,3/1/2023,2/23/2022,2/23/2022,,,,,,
DoD,10,W10 Wed,3/6/2024,3/6/2024,3/8/2023,3/8/2023,3/2/2022,3/2/2022,,,,,,
DoD,10,W10 Thu,3/7/2024,3/7/2024,3/9/2023,3/9/2023,3/3/2022,3/3/2022,,,,,,
DoD,10,W10 Tue,3/5/2024,3/5/2024,3/7/2023,3/7/2023,3/1/2022,3/1/2022,,,,,,
DoD,10,W10 Sat,3/9/2024,3/9/2024,3/11/2023,3/11/2023,3/5/2022,3/5/2022,,,,,,
DoD,10,W10 Sun,3/3/2024,3/3/2024,3/5/2023,3/5/2023,2/27/2022,2/27/2022,,,,,,
DoD,10,W10 Mon,3/4/2024,3/4/2024,3/6/2023,3/6/2023,2/28/2022,2/28/2022,,,,,,
DoD,10,W10 Fri,3/8/2024,3/8/2024,3/10/2023,3/10/2023,3/4/2022,3/4/2022,,,,,,
DoD,11,W11 Fri,3/15/2024,3/15/2024,3/17/2023,3/17/2023,3/11/2022,3/11/2022,,,,,,
DoD,11,W11 Sat,3/16/2024,3/16/2024,3/18/2023,3/18/2023,3/12/2022,3/12/2022,,,,,,
DoD,11,W11 Sun,3/10/2024,3/10/2024,3/12/2023,3/12/2023,3/6/2022,3/6/2022,,,,,,
DoD,11,W11 Tue,3/12/2024,3/12/2024,3/14/2023,3/14/2023,3/8/2022,3/8/2022,,,,,,
DoD,11,W11 Mon,3/11/2024,3/11/2024,3/13/2023,3/13/2023,3/7/2022,3/7/2022,,,,,,
DoD,11,W11 Wed,3/13/2024,3/13/2024,3/15/2023,3/15/2023,3/9/2022,3/9/2022,,,,,,
DoD,11,W11 Thu,3/14/2024,3/14/2024,3/16/2023,3/16/2023,3/10/2022,3/10/2022,,,,,,
DoD,12,W12 Wed,3/20/2024,3/20/2024,3/22/2023,3/22/2023,3/16/2022,3/16/2022,,,,,,
DoD,12,W12 Sat,3/23/2024,3/23/2024,3/25/2023,3/25/2023,3/19/2022,3/19/2022,,,,,,
DoD,12,W12 Tue,3/19/2024,3/19/2024,3/21/2023,3/21/2023,3/15/2022,3/15/2022,,,,,,
DoD,12,W12 Fri,3/22/2024,3/22/2024,3/24/2023,3/24/2023,3/18/2022,3/18/2022,,,,,,
DoD,12,W12 Thu,3/21/2024,3/21/2024,3/23/2023,3/23/2023,3/17/2022,3/17/2022,,,,,,
DoD,12,W12 Mon,3/18/2024,3/18/2024,3/20/2023,3/20/2023,3/14/2022,3/14/2022,,,,,,
DoD,12,W12 Sun,3/17/2024,3/17/2024,3/19/2023,3/19/2023,3/13/2022,3/13/2022,,,,,,
DoD,13,W13 Sun,3/24/2024,3/24/2024,3/26/2023,3/26/2023,3/20/2022,3/20/2022,,,,,,
DoD,13,W13 Thu,3/28/2024,3/28/2024,3/30/2023,3/30/2023,3/24/2022,3/24/2022,,,,,,
DoD,13,W13 Sat,3/30/2024,3/30/2024,4/1/2023,4/1/2023,3/26/2022,3/26/2022,,,,,,
DoD,13,W13 Tue,3/26/2024,3/26/2024,3/28/2023,3/28/2023,3/22/2022,3/22/2022,,,,,,
DoD,13,W13 Wed,3/27/2024,3/27/2024,3/29/2023,3/29/2023,3/23/2022,3/23/2022,,,,,,
DoD,13,W13 Fri,3/29/2024,3/29/2024,3/31/2023,3/31/2023,3/25/2022,3/25/2022,,,,,,
DoD,13,W13 Mon,3/25/2024,3/25/2024,3/27/2023,3/27/2023,3/21/2022,3/21/2022,,,,,,
DoD,14,W14 Thu,4/4/2024,4/4/2024,4/6/2023,4/6/2023,3/31/2022,3/31/2022,,,,,,
DoD,14,W14 Sun,3/31/2024,3/31/2024,4/2/2023,4/2/2023,3/27/2022,3/27/2022,,,,,,
DoD,14,W14 Sat,4/6/2024,4/6/2024,4/8/2023,4/8/2023,4/2/2022,4/2/2022,,,,,,
DoD,14,W14 Wed,4/3/2024,4/3/2024,4/5/2023,4/5/2023,3/30/2022,3/30/2022,,,,,,
DoD,14,W14 Tue,4/2/2024,4/2/2024,4/4/2023,4/4/2023,3/29/2022,3/29/2022,,,,,,
DoD,14,W14 Fri,4/5/2024,4/5/2024,4/7/2023,4/7/2023,4/1/2022,4/1/2022,,,,,,
DoD,14,W14 Mon,4/1/2024,4/1/2024,4/3/2023,4/3/2023,3/28/2022,3/28/2022,,,,,,
DoD,15,W15 Wed,4/10/2024,4/10/2024,4/12/2023,4/12/2023,4/6/2022,4/6/2022,,,,,,
DoD,15,W15 Tue,4/9/2024,4/9/2024,4/11/2023,4/11/2023,4/5/2022,4/5/2022,,,,,,
DoD,15,W15 Thu,4/11/2024,4/11/2024,4/13/2023,4/13/2023,4/7/2022,4/7/2022,,,,,,
DoD,15,W15 Fri,4/12/2024,4/12/2024,4/14/2023,4/14/2023,4/8/2022,4/8/2022,,,,,,
DoD,15,W15 Sun,4/7/2024,4/7/2024,4/9/2023,4/9/2023,4/3/2022,4/3/2022,,,,,,
DoD,15,W15 Mon,4/8/2024,4/8/2024,4/10/2023,4/10/2023,4/4/2022,4/4/2022,,,,,,
DoD,15,W15 Sat,4/13/2024,4/13/2024,4/15/2023,4/15/2023,4/9/2022,4/9/2022,,,,,,
DoD,16,W16 Mon,4/15/2024,4/15/2024,4/17/2023,4/17/2023,4/11/2022,4/11/2022,,,,,,
DoD,16,W16 Wed,4/17/2024,4/17/2024,4/19/2023,4/19/2023,4/13/2022,4/13/2022,,,,,,
DoD,16,W16 Sat,4/20/2024,4/20/2024,4/22/2023,4/22/2023,4/16/2022,4/16/2022,,,,,,
DoD,16,W16 Tue,4/16/2024,4/16/2024,4/18/2023,4/18/2023,4/12/2022,4/12/2022,,,,,,
DoD,16,W16 Thu,4/18/2024,4/18/2024,4/20/2023,4/20/2023,4/14/2022,4/14/2022,,,,,,
DoD,16,W16 Fri,4/19/2024,4/19/2024,4/21/2023,4/21/2023,4/15/2022,4/15/2022,,,,,,
DoD,16,W16 Sun,4/14/2024,4/14/2024,4/16/2023,4/16/2023,4/10/2022,4/10/2022,,,,,,
DoD,17,W17 Thu,4/25/2024,4/25/2024,4/27/2023,4/27/2023,4/21/2022,4/21/2022,,,,,,
DoD,17,W17 Sun,4/21/2024,4/21/2024,4/23/2023,4/23/2023,4/17/2022,4/17/2022,,,,,,
DoD,17,W17 Sat,4/27/2024,4/27/2024,4/29/2023,4/29/2023,4/23/2022,4/23/2022,,,,,,
DoD,17,W17 Fri,4/26/2024,4/26/2024,4/28/2023,4/28/2023,4/22/2022,4/22/2022,,,,,,
DoD,17,W17 Wed,4/24/2024,4/24/2024,4/26/2023,4/26/2023,4/20/2022,4/20/2022,,,,,,
DoD,17,W17 Mon,4/22/2024,4/22/2024,4/24/2023,4/24/2023,4/18/2022,4/18/2022,,,,,,
DoD,17,W17 Tue,4/23/2024,4/23/2024,4/25/2023,4/25/2023,4/19/2022,4/19/2022,,,,,,
DoD,18,W18 Sat,5/4/2024,5/4/2024,5/6/2023,5/6/2023,4/30/2022,4/30/2022,,,,,,
DoD,18,W18 Mon,4/29/2024,4/29/2024,5/1/2023,5/1/2023,4/25/2022,4/25/2022,,,,,,
DoD,18,W18 Sun,4/28/2024,4/28/2024,4/30/2023,4/30/2023,4/24/2022,4/24/2022,,,,,,
DoD,18,W18 Thu,5/2/2024,5/2/2024,5/4/2023,5/4/2023,4/28/2022,4/28/2022,,,,,,
DoD,18,W18 Fri,5/3/2024,5/3/2024,5/5/2023,5/5/2023,4/29/2022,4/29/2022,,,,,,
DoD,18,W18 Tue,4/30/2024,4/30/2024,5/2/2023,5/2/2023,4/26/2022,4/26/2022,,,,,,
DoD,18,W18 Wed,5/1/2024,5/1/2024,5/3/2023,5/3/2023,4/27/2022,4/27/2022,,,,,,
DoD,19,W19 Tue,5/7/2024,5/7/2024,5/9/2023,5/9/2023,5/3/2022,5/3/2022,,,,,,
DoD,19,W19 Sat,5/11/2024,5/11/2024,5/13/2023,5/13/2023,5/7/2022,5/7/2022,,,,,,
DoD,19,W19 Fri,5/10/2024,5/10/2024,5/12/2023,5/12/2023,5/6/2022,5/6/2022,,,,,,
DoD,19,W19 Wed,5/8/2024,5/8/2024,5/10/2023,5/10/2023,5/4/2022,5/4/2022,,,,,,
DoD,19,W19 Thu,5/9/2024,5/9/2024,5/11/2023,5/11/2023,5/5/2022,5/5/2022,,,,,,
DoD,19,W19 Mon,5/6/2024,5/6/2024,5/8/2023,5/8/2023,5/2/2022,5/2/2022,,,,,,
DoD,19,W19 Sun,5/5/2024,5/5/2024,5/7/2023,5/7/2023,5/1/2022,5/1/2022,,,,,,
DoD,20,W20 Tue,5/14/2024,5/14/2024,5/16/2023,5/16/2023,5/10/2022,5/10/2022,,,,,,
DoD,20,W20 Mon,5/13/2024,5/13/2024,5/15/2023,5/15/2023,5/9/2022,5/9/2022,,,,,,
DoD,20,W20 Wed,5/15/2024,5/15/2024,5/17/2023,5/17/2023,5/11/2022,5/11/2022,,,,,,
DoD,20,W20 Sun,5/12/2024,5/12/2024,5/14/2023,5/14/2023,5/8/2022,5/8/2022,,,,,,
DoD,20,W20 Thu,5/16/2024,5/16/2024,5/18/2023,5/18/2023,5/12/2022,5/12/2022,,,,,,
DoD,20,W20 Fri,5/17/2024,5/17/2024,5/19/2023,5/19/2023,5/13/2022,5/13/2022,,,,,,
DoD,20,W20 Sat,5/18/2024,5/18/2024,5/20/2023,5/20/2023,5/14/2022,5/14/2022,,,,,,
DoD,21,W21 Mon,5/20/2024,5/20/2024,5/22/2023,5/22/2023,5/16/2022,5/16/2022,,,,,,
DoD,21,W21 Sat,5/25/2024,5/25/2024,5/27/2023,5/27/2023,5/21/2022,5/21/2022,,,,,,
DoD,21,W21 Thu,5/23/2024,5/23/2024,5/25/2023,5/25/2023,5/19/2022,5/19/2022,,,,,,
DoD,21,W21 Tue,5/21/2024,5/21/2024,5/23/2023,5/23/2023,5/17/2022,5/17/2022,,,,,,
DoD,21,W21 Fri,5/24/2024,5/24/2024,5/26/2023,5/26/2023,5/20/2022,5/20/2022,,,,,,
DoD,21,W21 Sun,5/19/2024,5/19/2024,5/21/2023,5/21/2023,5/15/2022,5/15/2022,,,,,,
DoD,21,W21 Wed,5/22/2024,5/22/2024,5/24/2023,5/24/2023,5/18/2022,5/18/2022,,,,,,
DoD,22,W22 Sat,6/1/2024,6/1/2024,6/3/2023,6/3/2023,5/28/2022,5/28/2022,,,,,,
DoD,22,W22 Fri,5/31/2024,5/31/2024,6/2/2023,6/2/2023,5/27/2022,5/27/2022,,,,,,
DoD,22,W22 Thu,5/30/2024,5/30/2024,6/1/2023,6/1/2023,5/26/2022,5/26/2022,,,,,,
DoD,22,W22 Wed,5/29/2024,5/29/2024,5/31/2023,5/31/2023,5/25/2022,5/25/2022,,,,,,
DoD,22,W22 Mon,5/27/2024,5/27/2024,5/29/2023,5/29/2023,5/23/2022,5/23/2022,,,,,,
DoD,22,W22 Tue,5/28/2024,5/28/2024,5/30/2023,5/30/2023,5/24/2022,5/24/2022,,,,,,
DoD,22,W22 Sun,5/26/2024,5/26/2024,5/28/2023,5/28/2023,5/22/2022,5/22/2022,,,,,,
DoD,23,W23 Sun,6/2/2024,6/2/2024,6/4/2023,6/4/2023,5/29/2022,5/29/2022,,,,,,
DoD,23,W23 Mon,6/3/2024,6/3/2024,6/5/2023,6/5/2023,5/30/2022,5/30/2022,,,,,,
DoD,23,W23 Thu,6/6/2024,6/6/2024,6/8/2023,6/8/2023,6/2/2022,6/2/2022,,,,,,
DoD,23,W23 Sat,6/8/2024,6/8/2024,6/10/2023,6/10/2023,6/4/2022,6/4/2022,,,,,,
DoD,23,W23 Wed,6/5/2024,6/5/2024,6/7/2023,6/7/2023,6/1/2022,6/1/2022,,,,,,
DoD,23,W23 Tue,6/4/2024,6/4/2024,6/6/2023,6/6/2023,5/31/2022,5/31/2022,,,,,,
DoD,23,W23 Fri,6/7/2024,6/7/2024,6/9/2023,6/9/2023,6/3/2022,6/3/2022,,,,,,
DoD,24,W24 Mon,6/10/2024,6/10/2024,6/12/2023,6/12/2023,6/6/2022,6/6/2022,,,,,,
DoD,24,W24 Fri,6/14/2024,6/14/2024,6/16/2023,6/16/2023,6/10/2022,6/10/2022,,,,,,
DoD,24,W24 Tue,6/11/2024,6/11/2024,6/13/2023,6/13/2023,6/7/2022,6/7/2022,,,,,,
DoD,24,W24 Sat,6/15/2024,6/15/2024,6/17/2023,6/17/2023,6/11/2022,6/11/2022,,,,,,
DoD,24,W24 Thu,6/13/2024,6/13/2024,6/15/2023,6/15/2023,6/9/2022,6/9/2022,,,,,,
DoD,24,W24 Sun,6/9/2024,6/9/2024,6/11/2023,6/11/2023,6/5/2022,6/5/2022,,,,,,
DoD,24,W24 Wed,6/12/2024,6/12/2024,6/14/2023,6/14/2023,6/8/2022,6/8/2022,,,,,,
DoD,25,W25 Sun,6/16/2024,6/16/2024,6/18/2023,6/18/2023,6/12/2022,6/12/2022,,,,,,
DoD,25,W25 Sat,6/22/2024,6/22/2024,6/24/2023,6/24/2023,6/18/2022,6/18/2022,,,,,,
DoD,25,W25 Mon,6/17/2024,6/17/2024,6/19/2023,6/19/2023,6/13/2022,6/13/2022,,,,,,
DoD,25,W25 Thu,6/20/2024,6/20/2024,6/22/2023,6/22/2023,6/16/2022,6/16/2022,,,,,,
DoD,25,W25 Wed,6/19/2024,6/19/2024,6/21/2023,6/21/2023,6/15/2022,6/15/2022,,,,,,
DoD,25,W25 Tue,6/18/2024,6/18/2024,6/20/2023,6/20/2023,6/14/2022,6/14/2022,,,,,,
DoD,25,W25 Fri,6/21/2024,6/21/2024,6/23/2023,6/23/2023,6/17/2022,6/17/2022,,,,,,
DoD,26,W26 Thu,6/27/2024,6/27/2024,6/29/2023,6/29/2023,6/23/2022,6/23/2022,,,,,,
DoD,26,W26 Sat,6/29/2024,6/29/2024,7/1/2023,7/1/2023,6/25/2022,6/25/2022,,,,,,
DoD,26,W26 Mon,6/24/2024,6/24/2024,6/26/2023,6/26/2023,6/20/2022,6/20/2022,,,,,,
DoD,26,W26 Wed,6/26/2024,6/26/2024,6/28/2023,6/28/2023,6/22/2022,6/22/2022,,,,,,
DoD,26,W26 Tue,6/25/2024,6/25/2024,6/27/2023,6/27/2023,6/21/2022,6/21/2022,,,,,,
DoD,26,W26 Fri,6/28/2024,6/28/2024,6/30/2023,6/30/2023,6/24/2022,6/24/2022,,,,,,
DoD,26,W26 Sun,6/23/2024,6/23/2024,6/25/2023,6/25/2023,6/19/2022,6/19/2022,,,,,,
DoD,27,W27 Mon,7/1/2024,7/1/2024,7/3/2023,7/3/2023,6/27/2022,6/27/2022,,,,,,
DoD,27,W27 Sat,7/6/2024,7/6/2024,7/8/2023,7/8/2023,7/2/2022,7/2/2022,,,,,,
DoD,27,W27 Wed,7/3/2024,7/3/2024,7/5/2023,7/5/2023,6/29/2022,6/29/2022,,,,,,
DoD,27,W27 Sun,6/30/2024,6/30/2024,7/2/2023,7/2/2023,6/26/2022,6/26/2022,,,,,,
DoD,27,W27 Tue,7/2/2024,7/2/2024,7/4/2023,7/4/2023,6/28/2022,6/28/2022,,,,,,
DoD,27,W27 Thu,7/4/2024,7/4/2024,7/6/2023,7/6/2023,6/30/2022,6/30/2022,,,,,,
DoD,27,W27 Fri,7/5/2024,7/5/2024,7/7/2023,7/7/2023,7/1/2022,7/1/2022,,,,,,
DoD,28,W28 Thu,7/11/2024,7/11/2024,7/13/2023,7/13/2023,7/7/2022,7/7/2022,,,,,,
DoD,28,W28 Sun,7/7/2024,7/7/2024,7/9/2023,7/9/2023,7/3/2022,7/3/2022,,,,,,
DoD,28,W28 Fri,7/12/2024,7/12/2024,7/14/2023,7/14/2023,7/8/2022,7/8/2022,,,,,,
DoD,28,W28 Wed,7/10/2024,7/10/2024,7/12/2023,7/12/2023,7/6/2022,7/6/2022,,,,,,
DoD,28,W28 Mon,7/8/2024,7/8/2024,7/10/2023,7/10/2023,7/4/2022,7/4/2022,,,,,,
DoD,28,W28 Tue,7/9/2024,7/9/2024,7/11/2023,7/11/2023,7/5/2022,7/5/2022,,,,,,
DoD,28,W28 Sat,7/13/2024,7/13/2024,7/15/2023,7/15/2023,7/9/2022,7/9/2022,,,,,,
DoD,29,W29 Sun,7/14/2024,7/14/2024,7/16/2023,7/16/2023,7/10/2022,7/10/2022,,,,,,
DoD,29,W29 Mon,7/15/2024,7/15/2024,7/17/2023,7/17/2023,7/11/2022,7/11/2022,,,,,,
DoD,29,W29 Fri,7/19/2024,7/19/2024,7/21/2023,7/21/2023,7/15/2022,7/15/2022,,,,,,
DoD,29,W29 Thu,7/18/2024,7/18/2024,7/20/2023,7/20/2023,7/14/2022,7/14/2022,,,,,,
DoD,29,W29 Sat,7/20/2024,7/20/2024,7/22/2023,7/22/2023,7/16/2022,7/16/2022,,,,,,
DoD,29,W29 Tue,7/16/2024,7/16/2024,7/18/2023,7/18/2023,7/12/2022,7/12/2022,,,,,,
DoD,29,W29 Wed,7/17/2024,7/17/2024,7/19/2023,7/19/2023,7/13/2022,7/13/2022,,,,,,
DoD,30,W30 Sat,7/27/2024,7/27/2024,7/29/2023,7/29/2023,7/23/2022,7/23/2022,,,,,,
DoD,30,W30 Fri,7/26/2024,7/26/2024,7/28/2023,7/28/2023,7/22/2022,7/22/2022,,,,,,
DoD,30,W30 Sun,7/21/2024,7/21/2024,7/23/2023,7/23/2023,7/17/2022,7/17/2022,,,,,,
DoD,30,W30 Wed,7/24/2024,7/24/2024,7/26/2023,7/26/2023,7/20/2022,7/20/2022,,,,,,
DoD,30,W30 Thu,7/25/2024,7/25/2024,7/27/2023,7/27/2023,7/21/2022,7/21/2022,,,,,,
DoD,30,W30 Tue,7/23/2024,7/23/2024,7/25/2023,7/25/2023,7/19/2022,7/19/2022,,,,,,
DoD,30,W30 Mon,7/22/2024,7/22/2024,7/24/2023,7/24/2023,7/18/2022,7/18/2022,,,,,,
DoD,31,W31 Wed,7/31/2024,7/31/2024,8/2/2023,8/2/2023,7/27/2022,7/27/2022,,,,,,
DoD,31,W31 Mon,7/29/2024,7/29/2024,7/31/2023,7/31/2023,7/25/2022,7/25/2022,,,,,,
DoD,31,W31 Tue,7/30/2024,7/30/2024,8/1/2023,8/1/2023,7/26/2022,7/26/2022,,,,,,
DoD,31,W31 Thu,8/1/2024,8/1/2024,8/3/2023,8/3/2023,7/28/2022,7/28/2022,,,,,,
DoD,31,W31 Sun,7/28/2024,7/28/2024,7/30/2023,7/30/2023,7/24/2022,7/24/2022,,,,,,
DoD,31,W31 Fri,8/2/2024,8/2/2024,8/4/2023,8/4/2023,7/29/2022,7/29/2022,,,,,,
DoD,31,W31 Sat,8/3/2024,8/3/2024,8/5/2023,8/5/2023,7/30/2022,7/30/2022,,,,,,
DoD,32,W32 Wed,8/7/2024,8/7/2024,8/9/2023,8/9/2023,8/3/2022,8/3/2022,,,,,,
DoD,32,W32 Tue,8/6/2024,8/6/2024,8/8/2023,8/8/2023,8/2/2022,8/2/2022,,,,,,
DoD,32,W32 Fri,8/9/2024,8/9/2024,8/11/2023,8/11/2023,8/5/2022,8/5/2022,,,,,,
DoD,32,W32 Sun,8/4/2024,8/4/2024,8/6/2023,8/6/2023,7/31/2022,7/31/2022,,,,,,
DoD,32,W32 Thu,8/8/2024,8/8/2024,8/10/2023,8/10/2023,8/4/2022,8/4/2022,,,,,,
DoD,32,W32 Sat,8/10/2024,8/10/2024,8/12/2023,8/12/2023,8/6/2022,8/6/2022,,,,,,
DoD,32,W32 Mon,8/5/2024,8/5/2024,8/7/2023,8/7/2023,8/1/2022,8/1/2022,,,,,,
DoD,33,W33 Sat,8/17/2024,8/17/2024,8/19/2023,8/19/2023,8/13/2022,8/13/2022,,,,,,
DoD,33,W33 Thu,8/15/2024,8/15/2024,8/17/2023,8/17/2023,8/11/2022,8/11/2022,,,,,,
DoD,33,W33 Fri,8/16/2024,8/16/2024,8/18/2023,8/18/2023,8/12/2022,8/12/2022,,,,,,
DoD,33,W33 Tue,8/13/2024,8/13/2024,8/15/2023,8/15/2023,8/9/2022,8/9/2022,,,,,,
DoD,33,W33 Sun,8/11/2024,8/11/2024,8/13/2023,8/13/2023,8/7/2022,8/7/2022,,,,,,
DoD,33,W33 Mon,8/12/2024,8/12/2024,8/14/2023,8/14/2023,8/8/2022,8/8/2022,,,,,,
DoD,33,W33 Wed,8/14/2024,8/14/2024,8/16/2023,8/16/2023,8/10/2022,8/10/2022,,,,,,
DoD,34,W34 Sun,8/18/2024,8/18/2024,8/20/2023,8/20/2023,8/14/2022,8/14/2022,,,,,,
DoD,34,W34 Mon,8/19/2024,8/19/2024,8/21/2023,8/21/2023,8/15/2022,8/15/2022,,,,,,
DoD,34,W34 Tue,8/20/2024,8/20/2024,8/22/2023,8/22/2023,8/16/2022,8/16/2022,,,,,,
DoD,34,W34 Fri,8/23/2024,8/23/2024,8/25/2023,8/25/2023,8/19/2022,8/19/2022,,,,,,
DoD,34,W34 Sat,8/24/2024,8/24/2024,8/26/2023,8/26/2023,8/20/2022,8/20/2022,,,,,,
DoD,34,W34 Wed,8/21/2024,8/21/2024,8/23/2023,8/23/2023,8/17/2022,8/17/2022,,,,,,
DoD,34,W34 Thu,8/22/2024,8/22/2024,8/24/2023,8/24/2023,8/18/2022,8/18/2022,,,,,,
DoD,35,W35 Sat,8/31/2024,8/31/2024,9/2/2023,9/2/2023,8/27/2022,8/27/2022,,,,,,
DoD,35,W35 Mon,8/26/2024,8/26/2024,8/28/2023,8/28/2023,8/22/2022,8/22/2022,,,,,,
DoD,35,W35 Tue,8/27/2024,8/27/2024,8/29/2023,8/29/2023,8/23/2022,8/23/2022,,,,,,
DoD,35,W35 Fri,8/30/2024,8/30/2024,9/1/2023,9/1/2023,8/26/2022,8/26/2022,,,,,,
DoD,35,W35 Sun,8/25/2024,8/25/2024,8/27/2023,8/27/2023,8/21/2022,8/21/2022,,,,,,
DoD,35,W35 Thu,8/29/2024,8/29/2024,8/31/2023,8/31/2023,8/25/2022,8/25/2022,,,,,,
DoD,35,W35 Wed,8/28/2024,8/28/2024,8/30/2023,8/30/2023,8/24/2022,8/24/2022,,,,,,
DoD,36,W36 Sat,9/7/2024,9/7/2024,9/9/2023,9/9/2023,9/3/2022,9/3/2022,,,,,,
DoD,36,W36 Sun,9/1/2024,9/1/2024,9/3/2023,9/3/2023,8/28/2022,8/28/2022,,,,,,
DoD,36,W36 Thu,9/5/2024,9/5/2024,9/7/2023,9/7/2023,9/1/2022,9/1/2022,,,,,,
DoD,36,W36 Tue,9/3/2024,9/3/2024,9/5/2023,9/5/2023,8/30/2022,8/30/2022,,,,,,
DoD,36,W36 Wed,9/4/2024,9/4/2024,9/6/2023,9/6/2023,8/31/2022,8/31/2022,,,,,,
DoD,36,W36 Mon,9/2/2024,9/2/2024,9/4/2023,9/4/2023,8/29/2022,8/29/2022,,,,,,
DoD,36,W36 Fri,9/6/2024,9/6/2024,9/8/2023,9/8/2023,9/2/2022,9/2/2022,,,,,,
DoD,37,W37 Thu,9/12/2024,9/12/2024,9/14/2023,9/14/2023,9/8/2022,9/8/2022,,,,,,
DoD,37,W37 Fri,9/13/2024,9/13/2024,9/15/2023,9/15/2023,9/9/2022,9/9/2022,,,,,,
DoD,37,W37 Sat,9/14/2024,9/14/2024,9/16/2023,9/16/2023,9/10/2022,9/10/2022,,,,,,
DoD,37,W37 Tue,9/10/2024,9/10/2024,9/12/2023,9/12/2023,9/6/2022,9/6/2022,,,,,,
DoD,37,W37 Mon,9/9/2024,9/9/2024,9/11/2023,9/11/2023,9/5/2022,9/5/2022,,,,,,
DoD,37,W37 Sun,9/8/2024,9/8/2024,9/10/2023,9/10/2023,9/4/2022,9/4/2022,,,,,,
DoD,37,W37 Wed,9/11/2024,9/11/2024,9/13/2023,9/13/2023,9/7/2022,9/7/2022,,,,,,
DoD,38,W38 Sat,9/21/2024,9/21/2024,9/23/2023,9/23/2023,9/17/2022,9/17/2022,,,,,,
DoD,38,W38 Mon,9/16/2024,9/16/2024,9/18/2023,9/18/2023,9/12/2022,9/12/2022,,,,,,
DoD,38,W38 Thu,9/19/2024,9/19/2024,9/21/2023,9/21/2023,9/15/2022,9/15/2022,,,,,,
DoD,38,W38 Wed,9/18/2024,9/18/2024,9/20/2023,9/20/2023,9/14/2022,9/14/2022,,,,,,
DoD,38,W38 Tue,9/17/2024,9/17/2024,9/19/2023,9/19/2023,9/13/2022,9/13/2022,,,,,,
DoD,38,W38 Sun,9/15/2024,9/15/2024,9/17/2023,9/17/2023,9/11/2022,9/11/2022,,,,,,
DoD,38,W38 Fri,9/20/2024,9/20/2024,9/22/2023,9/22/2023,9/16/2022,9/16/2022,,,,,,
DoD,39,W39 Tue,9/24/2024,9/24/2024,9/26/2023,9/26/2023,9/20/2022,9/20/2022,,,,,,
DoD,39,W39 Fri,9/27/2024,9/27/2024,9/29/2023,9/29/2023,9/23/2022,9/23/2022,,,,,,
DoD,39,W39 Sat,9/28/2024,9/28/2024,9/30/2023,9/30/2023,9/24/2022,9/24/2022,,,,,,
DoD,39,W39 Wed,9/25/2024,9/25/2024,9/27/2023,9/27/2023,9/21/2022,9/21/2022,,,,,,
DoD,39,W39 Mon,9/23/2024,9/23/2024,9/25/2023,9/25/2023,9/19/2022,9/19/2022,,,,,,
DoD,39,W39 Sun,9/22/2024,9/22/2024,9/24/2023,9/24/2023,9/18/2022,9/18/2022,,,,,,
DoD,39,W39 Thu,9/26/2024,9/26/2024,9/28/2023,9/28/2023,9/22/2022,9/22/2022,,,,,,
DoD,40,W40 Wed,10/2/2024,10/2/2024,10/4/2023,10/4/2023,9/28/2022,9/28/2022,,,,,,
DoD,40,W40 Thu,10/3/2024,10/3/2024,10/5/2023,10/5/2023,9/29/2022,9/29/2022,,,,,,
DoD,40,W40 Tue,10/1/2024,10/1/2024,10/3/2023,10/3/2023,9/27/2022,9/27/2022,,,,,,
DoD,40,W40 Fri,10/4/2024,10/4/2024,10/6/2023,10/6/2023,9/30/2022,9/30/2022,,,,,,
DoD,40,W40 Sat,10/5/2024,10/5/2024,10/7/2023,10/7/2023,10/1/2022,10/1/2022,,,,,,
DoD,40,W40 Sun,9/29/2024,9/29/2024,10/1/2023,10/1/2023,9/25/2022,9/25/2022,,,,,,
DoD,40,W40 Mon,9/30/2024,9/30/2024,10/2/2023,10/2/2023,9/26/2022,9/26/2022,,,,,,
DoD,41,W41 Thu,10/10/2024,10/10/2024,10/12/2023,10/12/2023,10/6/2022,10/6/2022,,,,,,
DoD,41,W41 Sat,10/12/2024,10/12/2024,10/14/2023,10/14/2023,10/8/2022,10/8/2022,,,,,,
DoD,41,W41 Fri,10/11/2024,10/11/2024,10/13/2023,10/13/2023,10/7/2022,10/7/2022,,,,,,
DoD,41,W41 Tue,10/8/2024,10/8/2024,10/10/2023,10/10/2023,10/4/2022,10/4/2022,,,,,,
DoD,41,W41 Sun,10/6/2024,10/6/2024,10/8/2023,10/8/2023,10/2/2022,10/2/2022,,,,,,
DoD,41,W41 Wed,10/9/2024,10/9/2024,10/11/2023,10/11/2023,10/5/2022,10/5/2022,,,,,,
DoD,41,W41 Mon,10/7/2024,10/7/2024,10/9/2023,10/9/2023,10/3/2022,10/3/2022,,,,,,
DoD,42,W42 Sun,10/13/2024,10/13/2024,10/15/2023,10/15/2023,10/9/2022,10/9/2022,,,,,,
DoD,42,W42 Tue,10/15/2024,10/15/2024,10/17/2023,10/17/2023,10/11/2022,10/11/2022,,,,,,
DoD,42,W42 Mon,10/14/2024,10/14/2024,10/16/2023,10/16/2023,10/10/2022,10/10/2022,,,,,,
DoD,42,W42 Thu,10/17/2024,10/17/2024,10/19/2023,10/19/2023,10/13/2022,10/13/2022,,,,,,
DoD,42,W42 Fri,10/18/2024,10/18/2024,10/20/2023,10/20/2023,10/14/2022,10/14/2022,,,,,,
DoD,42,W42 Wed,10/16/2024,10/16/2024,10/18/2023,10/18/2023,10/12/2022,10/12/2022,,,,,,
DoD,42,W42 Sat,10/19/2024,10/19/2024,10/21/2023,10/21/2023,10/15/2022,10/15/2022,,,,,,
DoD,43,W43 Fri,10/25/2024,10/25/2024,10/27/2023,10/27/2023,10/21/2022,10/21/2022,,,,,,
DoD,43,W43 Tue,10/22/2024,10/22/2024,10/24/2023,10/24/2023,10/18/2022,10/18/2022,,,,,,
DoD,43,W43 Sat,10/26/2024,10/26/2024,10/28/2023,10/28/2023,10/22/2022,10/22/2022,,,,,,
DoD,43,W43 Mon,10/21/2024,10/21/2024,10/23/2023,10/23/2023,10/17/2022,10/17/2022,,,,,,
DoD,43,W43 Wed,10/23/2024,10/23/2024,10/25/2023,10/25/2023,10/19/2022,10/19/2022,,,,,,
DoD,43,W43 Sun,10/20/2024,10/20/2024,10/22/2023,10/22/2023,10/16/2022,10/16/2022,,,,,,
DoD,43,W43 Thu,10/24/2024,10/24/2024,10/26/2023,10/26/2023,10/20/2022,10/20/2022,,,,,,
DoD,44,W44 Sun,10/27/2024,10/27/2024,10/29/2023,10/29/2023,10/23/2022,10/23/2022,,,,,,
DoD,44,W44 Sat,11/2/2024,11/2/2024,11/4/2023,11/4/2023,10/29/2022,10/29/2022,,,,,,
DoD,44,W44 Mon,10/28/2024,10/28/2024,10/30/2023,10/30/2023,10/24/2022,10/24/2022,,,,,,
DoD,44,W44 Thu,10/31/2024,10/31/2024,11/2/2023,11/2/2023,10/27/2022,10/27/2022,,,,,,
DoD,44,W44 Tue,10/29/2024,10/29/2024,10/31/2023,10/31/2023,10/25/2022,10/25/2022,,,,,,
DoD,44,W44 Fri,11/1/2024,11/1/2024,11/3/2023,11/3/2023,10/28/2022,10/28/2022,,,,,,
DoD,44,W44 Wed,10/30/2024,10/30/2024,11/1/2023,11/1/2023,10/26/2022,10/26/2022,,,,,,
DoD,45,W45 Thu,11/7/2024,11/7/2024,11/9/2023,11/9/2023,11/3/2022,11/3/2022,,,,,,
DoD,45,W45 Sun,11/3/2024,11/3/2024,11/5/2023,11/5/2023,10/30/2022,10/30/2022,,,,,,
DoD,45,W45 Tue,11/5/2024,11/5/2024,11/7/2023,11/7/2023,11/1/2022,11/1/2022,,,,,,
DoD,45,W45 Fri,11/8/2024,11/8/2024,11/10/2023,11/10/2023,11/4/2022,11/4/2022,,,,,,
DoD,45,W45 Sat,11/9/2024,11/9/2024,11/11/2023,11/11/2023,11/5/2022,11/5/2022,,,,,,
DoD,45,W45 Mon,11/4/2024,11/4/2024,11/6/2023,11/6/2023,10/31/2022,10/31/2022,,,,,,
DoD,45,W45 Wed,11/6/2024,11/6/2024,11/8/2023,11/8/2023,11/2/2022,11/2/2022,,,,,,
DoD,46,W46 Fri,11/15/2024,11/15/2024,11/17/2023,11/17/2023,11/11/2022,11/11/2022,,,,,,
DoD,46,W46 Tue,11/12/2024,11/12/2024,11/14/2023,11/14/2023,11/8/2022,11/8/2022,,,,,,
DoD,46,W46 Thu,11/14/2024,11/14/2024,11/16/2023,11/16/2023,11/10/2022,11/10/2022,,,,,,
DoD,46,W46 Sat,11/16/2024,11/16/2024,11/18/2023,11/18/2023,11/12/2022,11/12/2022,,,,,,
DoD,46,W46 Wed,11/13/2024,11/13/2024,11/15/2023,11/15/2023,11/9/2022,11/9/2022,,,,,,
DoD,46,W46 Mon,11/11/2024,11/11/2024,11/13/2023,11/13/2023,11/7/2022,11/7/2022,,,,,,
DoD,46,W46 Sun,11/10/2024,11/10/2024,11/12/2023,11/12/2023,11/6/2022,11/6/2022,,,,,,
DoD,47,W47 Sat,11/23/2024,11/23/2024,11/25/2023,11/25/2023,11/19/2022,11/19/2022,,,,,,
DoD,47,W47 Thu,11/21/2024,11/21/2024,11/23/2023,11/23/2023,11/17/2022,11/17/2022,,,,,,
DoD,47,W47 Mon,11/18/2024,11/18/2024,11/20/2023,11/20/2023,11/14/2022,11/14/2022,,,,,,
DoD,47,W47 Wed,11/20/2024,11/20/2024,11/22/2023,11/22/2023,11/16/2022,11/16/2022,,,,,,
DoD,47,W47 Sun,11/17/2024,11/17/2024,11/19/2023,11/19/2023,11/13/2022,11/13/2022,,,,,,
DoD,47,W47 Fri,11/22/2024,11/22/2024,11/24/2023,11/24/2023,11/18/2022,11/18/2022,,,,,,
DoD,47,W47 Tue,11/19/2024,11/19/2024,11/21/2023,11/21/2023,11/15/2022,11/15/2022,,,,,,
DoD,48,W48 Fri,11/29/2024,11/29/2024,12/1/2023,12/1/2023,11/25/2022,11/25/2022,,,,,,
DoD,48,W48 Tue,11/26/2024,11/26/2024,11/28/2023,11/28/2023,11/22/2022,11/22/2022,,,,,,
DoD,48,W48 Sat,11/30/2024,11/30/2024,12/2/2023,12/2/2023,11/26/2022,11/26/2022,,,,,,
DoD,48,W48 Mon,11/25/2024,11/25/2024,11/27/2023,11/27/2023,11/21/2022,11/21/2022,,,,,,
DoD,48,W48 Thu,11/28/2024,11/28/2024,11/30/2023,11/30/2023,11/24/2022,11/24/2022,,,,,,
DoD,48,W48 Wed,11/27/2024,11/27/2024,11/29/2023,11/29/2023,11/23/2022,11/23/2022,,,,,,
DoD,48,W48 Sun,11/24/2024,11/24/2024,11/26/2023,11/26/2023,11/20/2022,11/20/2022,,,,,,
DoD,49,W49 Thu,12/5/2024,12/5/2024,12/7/2023,12/7/2023,12/1/2022,12/1/2022,,,,,,
DoD,49,W49 Wed,12/4/2024,12/4/2024,12/6/2023,12/6/2023,11/30/2022,11/30/2022,,,,,,
DoD,49,W49 Sat,12/7/2024,12/7/2024,12/9/2023,12/9/2023,12/3/2022,12/3/2022,,,,,,
DoD,49,W49 Tue,12/3/2024,12/3/2024,12/5/2023,12/5/2023,11/29/2022,11/29/2022,,,,,,
DoD,49,W49 Fri,12/6/2024,12/6/2024,12/8/2023,12/8/2023,12/2/2022,12/2/2022,,,,,,
DoD,49,W49 Sun,12/1/2024,12/1/2024,12/3/2023,12/3/2023,11/27/2022,11/27/2022,,,,,,
DoD,49,W49 Mon,12/2/2024,12/2/2024,12/4/2023,12/4/2023,11/28/2022,11/28/2022,,,,,,
DoD,50,W50 Mon,12/9/2024,12/9/2024,12/11/2023,12/11/2023,12/5/2022,12/5/2022,,,,,,
DoD,50,W50 Thu,12/12/2024,12/12/2024,12/14/2023,12/14/2023,12/8/2022,12/8/2022,,,,,,
DoD,50,W50 Sat,12/14/2024,12/14/2024,12/16/2023,12/16/2023,12/10/2022,12/10/2022,,,,,,
DoD,50,W50 Fri,12/13/2024,12/13/2024,12/15/2023,12/15/2023,12/9/2022,12/9/2022,,,,,,
DoD,50,W50 Sun,12/8/2024,12/8/2024,12/10/2023,12/10/2023,12/4/2022,12/4/2022,,,,,,
DoD,50,W50 Wed,12/11/2024,12/11/2024,12/13/2023,12/13/2023,12/7/2022,12/7/2022,,,,,,
DoD,50,W50 Tue,12/10/2024,12/10/2024,12/12/2023,12/12/2023,12/6/2022,12/6/2022,,,,,,
DoD,51,W51 Wed,12/18/2024,12/18/2024,12/20/2023,12/20/2023,12/14/2022,12/14/2022,,,,,,
DoD,51,W51 Sat,12/21/2024,12/21/2024,12/23/2023,12/23/2023,12/17/2022,12/17/2022,,,,,,
DoD,51,W51 Tue,12/17/2024,12/17/2024,12/19/2023,12/19/2023,12/13/2022,12/13/2022,,,,,,
DoD,51,W51 Thu,12/19/2024,12/19/2024,12/21/2023,12/21/2023,12/15/2022,12/15/2022,,,,,,
DoD,51,W51 Sun,12/15/2024,12/15/2024,12/17/2023,12/17/2023,12/11/2022,12/11/2022,,,,,,
DoD,51,W51 Mon,12/16/2024,12/16/2024,12/18/2023,12/18/2023,12/12/2022,12/12/2022,,,,,,
DoD,51,W51 Fri,12/20/2024,12/20/2024,12/22/2023,12/22/2023,12/16/2022,12/16/2022,,,,,,
DoD,52,W52 Mon,12/23/2024,12/23/2024,12/25/2023,12/25/2023,12/19/2022,12/19/2022,,,,,,
DoD,52,W52 Sat,12/28/2024,12/28/2024,12/30/2023,12/30/2023,12/24/2022,12/24/2022,,,,,,
DoD,52,W52 Fri,12/27/2024,12/27/2024,12/29/2023,12/29/2023,12/23/2022,12/23/2022,,,,,,
DoD,52,W52 Wed,12/25/2024,12/25/2024,12/27/2023,12/27/2023,12/21/2022,12/21/2022,,,,,,
DoD,52,W52 Sun,12/22/2024,12/22/2024,12/24/2023,12/24/2023,12/18/2022,12/18/2022,,,,,,
DoD,52,W52 Thu,12/26/2024,12/26/2024,12/28/2023,12/28/2023,12/22/2022,12/22/2022,,,,,,
DoD,52,W52 Tue,12/24/2024,12/24/2024,12/26/2023,12/26/2023,12/20/2022,12/20/2022,,,,,,
DoD,53,W53 Mon,,,,,12/26/2022,12/26/2022,,,,,,
DoD,53,W53 Wed,,,,,12/28/2022,12/28/2022,,,,,,
DoD,53,W53 Sun,,,,,12/25/2022,12/25/2022,,,,,,
DoD,53,W53 Tue,,,,,12/27/2022,12/27/2022,,,,,,
DoD,53,W53 Thu,,,,,12/29/2022,12/29/2022,,,,,,
DoD,53,W53 Sat,,,,,12/31/2022,12/31/2022,,,,,,
DoD,53,W53 Fri,,,,,12/30/2022,12/30/2022,,,,,,
